id,message
41,Fast and secure platform. Completed multiple trades without any issues. Great experience!
42,Easy to use interface. Escrow system is reliable. Would recommend to friends.
43,Easy to use — I bought USDT without trouble. Escrow felt secure. Will use again.
44,Straightforward process for a non-tech person. Support was patient and helpful.
45,I felt safe using Zotrust for cash to USDT. Transaction completed smoothly.
46,Simple and secure. Good for first-time crypto users. Support team is responsive.
47,Trustworthy platform. Completed my transaction without any hassles. Highly recommended.
48,Zotrust thi USDT kharidi karvi asaan hati. Escrow secure lage che ane fees ochhi hati. Recommend karu chu.
49,Wallet connect saral che ane trade jaldi complete thayu. Support pan madadgar che.
50,"Platform aavjo che, fees reasonable che. Ek vaar try karo, definitely recommend karu chu."
51,"Bilkul safe ane secure platform. Multiple trades kari chhe, badhiya experience."
52,Platform samajva ma saral padi. Payment process safe hatu ane admin response pan sari hati.
53,"Pehli vaar P2P karto hoyu pan sab kuch theek rahi. Thanks, Zotrust."
54,Bharosemand platform che. Thoda UI improve thai sake pan overall acha che.
57,"Easy flow, fast payments, safe lagta hai. 4/5."
58,Bahut acha platform hai. Quick transactions aur secure escrow. Recommend karta hoon.
59,"Good experience, thoda improvements chahiye in UI but overall solid platform."
60,"Fast P2P trades, secure escrow, low fees. 4/5."
61,Smooth wallet connect and quick payouts. Recommended.
62,Excellent service. Fast and reliable. Will use again.
63,Good platform for P2P trading. Secure and user-friendly.
64,ઝપટદાર trades ane secure escrow — 4/5.
65,Aasaan ane bharosemand — recommend.
66,"Badhiya platform che, jaldi trade complete thai jay che."
67,"Quick trade, secure escrow — 4/5."
68,"Good experience, thoda improvements chahiye in UI."
69,"Best P2P platform hai. Fast, secure, aur reliable."
70,Acha platform hai. Fees reasonable hai aur support bhi good hai.
71,Perfect platform for crypto trading. Highly satisfied.
72,Smooth experience. Easy to use and secure.
75,"Quick trades, clear terms, and reasonable fees. Recommended for regular P2P traders."
76,Fast and secure platform. Completed multiple trades without any issues. Great experience!
77,Easy to use interface. Escrow system is reliable. Would recommend to friends.
78,Easy to use — I bought USDT without trouble. Escrow felt secure. Will use again.
79,Straightforward process for a non-tech person. Support was patient and helpful.
80,I felt safe using Zotrust for cash to USDT. Transaction completed smoothly.
81,Simple and secure. Good for first-time crypto users. Support team is responsive.
82,Trustworthy platform. Completed my transaction without any hassles. Highly recommended.
83,Zotrust thi USDT kharidi karvi asaan hati. Escrow secure lage che ane fees ochhi hati. Recommend karu chu.
84,Wallet connect saral che ane trade jaldi complete thayu. Support pan madadgar che.
85,"Platform aavjo che, fees reasonable che. Ek vaar try karo, definitely recommend karu chu."
86,"Bilkul safe ane secure platform. Multiple trades kari chhe, badhiya experience."
87,Platform samajva ma saral padi. Payment process safe hatu ane admin response pan sari hati.
88,"Pehli vaar P2P karto hoyu pan sab kuch theek rahi. Thanks, Zotrust."
89,Bharosemand platform che. Thoda UI improve thai sake pan overall acha che.
92,"Easy flow, fast payments, safe lagta hai. 4/5."
93,Bahut acha platform hai. Quick transactions aur secure escrow. Recommend karta hoon.
94,"Good experience, thoda improvements chahiye in UI but overall solid platform."
95,"Fast P2P trades, secure escrow, low fees. 4/5."
96,Smooth wallet connect and quick payouts. Recommended.
97,Excellent service. Fast and reliable. Will use again.
98,Good platform for P2P trading. Secure and user-friendly.
99,ઝપટદાર trades ane secure escrow — 4/5.
100,Aasaan ane bharosemand — recommend.
101,"Badhiya platform che, jaldi trade complete thai jay che."
102,"Quick trade, secure escrow — 4/5."
103,"Good experience, thoda improvements chahiye in UI."
104,"Best P2P platform hai. Fast, secure, aur reliable."
105,Acha platform hai. Fees reasonable hai aur support bhi good hai.
106,Perfect platform for crypto trading. Highly satisfied.
107,Smooth experience. Easy to use and secure.
113,Done transactions worth 2.5 lakh. Platform is secure and user-friendly. Support team is very helpful.
114,"Completed 30+ trades, total value 1.8 lakh. All transactions were smooth and secure. Highly satisfied!"
115,Traded around 1 lakh worth. Good experience overall. Platform is reliable and fees are competitive.
116,"I have done 3 lakh worth of transactions. Zotrust is my go-to platform for P2P trading. Fast, secure, and trustworthy."
117,Completed 60+ trades worth 3.5 lakh. Excellent platform with great escrow system. Recommended for serious traders.
118,"Done transactions worth 1.3 lakh. Platform works well, quick payouts. Would like to see some UI improvements."
119,"I have completed 40+ trades, total value 2.2 lakh. All went smoothly. Best P2P platform I have used so far."
120,Traded 2.8 lakh worth on Zotrust. Platform is secure and transactions are fast. Support is responsive. 5/5!
121,Done 100+ transactions worth 5 lakh. Zotrust is reliable and fees are low. Perfect for high-volume traders.
122,Completed trades worth 1.6 lakh. Good platform with secure escrow. Minor improvements needed but overall satisfied.
123,"I have done 2.3 lakh worth of transactions. Platform is excellent, escrow works perfectly. Highly recommended!"
124,"Traded 4 lakh worth, completed 80+ transactions. Zotrust is the best P2P platform. Fast, secure, and reliable."
125,Done 25+ trades worth 1.4 lakh. All transactions completed smoothly. Great platform for P2P trading.
126,"Completed transactions worth 1.1 lakh. Platform is good, fees are reasonable. Would recommend to others."
127,I have done 3.2 lakh worth of transactions on Zotrust. Platform is trustworthy and escrow system is excellent.
128,"Traded 2.6 lakh, completed 55+ transactions. All went perfectly. Best experience with any P2P platform."
129,"Done 90+ trades worth 4.5 lakh. Zotrust is reliable, fast, and secure. Perfect for regular crypto traders."
130,Completed 20+ transactions worth 1.7 lakh. Good platform with secure escrow. Minor UI updates would be nice.
131,"I have done 2.4 lakh worth of transactions. Platform works great, fees are low. Will continue using Zotrust."
132,"Traded 3.8 lakh, done 70+ transactions. All successful. Zotrust is the most reliable P2P platform I know."
133,Completed 35+ trades worth 2.1 lakh. Excellent experience. Platform is secure and support is helpful.
134,Done transactions worth 1.9 lakh. Good platform overall. Escrow is secure and transactions are quick.
135,"I have done 2.7 lakh worth of transactions. Zotrust is amazing! Fast, secure, and user-friendly. 5 stars!"
136,"Traded 4.2 lakh, completed 95+ transactions. Best P2P platform. Highly recommend for serious traders."
137,Done 45+ trades worth 2.9 lakh. All transactions completed successfully. Zotrust is trustworthy and reliable.
138,Zotrust is best cash to usdt p2p platform
